{
    "root_group": {
        "name": "",
        "path": "",
        "id": "d41d8cd98f00b204e9800998ecf8427e",
        "groups": {},
        "checks": {
                "status is 200": {
                    "fails": 0,
                    "name": "status is 200",
                    "path": "::status is 200",
                    "id": "6210a8cd14cd70477eba5c5e4cb3fb5f",
                    "passes": 129181
                },
                "response has features": {
                    "name": "response has features",
                    "path": "::response has features",
                    "id": "36257862cd6cd21d7296860af0c4c20a",
                    "passes": 129181,
                    "fails": 0
                }
            }
    },
    "metrics": {
        "vus": {
            "value": 10,
            "min": 0,
            "max": 10
        },
        "errors": {
            "fails": 129181,
            "passes": 0,
            "thresholds": {
                "rate<0.01": false
            },
            "value": 0
        },
        "http_req_tls_handshaking": {
            "med": 0,
            "max": 0,
            "p(90)": 0,
            "p(95)": 0,
            "avg": 0,
            "min": 0
        },
        "http_req_connecting": {
            "p(95)": 0,
            "avg": 0.003238255618086246,
            "min": 0,
            "med": 0,
            "max": 5.243388,
            "p(90)": 0
        },
        "checks": {
            "passes": 258362,
            "fails": 0,
            "value": 1
        },
        "data_received": {
            "count": 1480919870,
            "rate": 3364572.879621666
        },
        "http_reqs": {
            "count": 129181,
            "rate": 293.49250959973034
        },
        "http_req_sending": {
            "avg": 0.030904346436395187,
            "min": 0.005405,
            "med": 0.017202,
            "max": 9.466319,
            "p(90)": 0.069876,
            "p(95)": 0.077013
        },
        "ogc_response_time": {
            "avg": 29.936252506599264,
            "min": 3.317373,
            "med": 7.898101,
            "max": 611.991237,
            "p(90)": 96.253767,
            "p(95)": 110.780849
        },
        "http_req_blocked": {
            "avg": 0.009980630797098522,
            "min": 0.001317,
            "med": 0.005199,
            "max": 5.334674,
            "p(90)": 0.007483,
            "p(95)": 0.00861
        },
        "iteration_duration": {
            "min": 3.499123,
            "med": 8.134315,
            "max": 612.378105,
            "p(90)": 96.566528,
            "p(95)": 111.11541,
            "avg": 30.189868717505004
        },
        "http_req_receiving": {
            "avg": 2.095738463303427,
            "min": -0.22517,
            "med": 0.109908,
            "max": 97.412668,
            "p(90)": 1.849676,
            "p(95)": 2.260387
        },
        "http_req_waiting": {
            "med": 7.752375,
            "max": 611.26488,
            "p(90)": 93.336832,
            "p(95)": 106.605162,
            "avg": 27.80960969685946,
            "min": 3.16073
        },
        "iterations": {
            "count": 129181,
            "rate": 293.49250959973034
        },
        "http_req_duration{expected_response:true}": {
            "p(90)": 96.253767,
            "p(95)": 110.780849,
            "avg": 29.936252506599264,
            "min": 3.317373,
            "med": 7.898101,
            "max": 611.991237
        },
        "http_req_failed": {
            "passes": 0,
            "fails": 129181,
            "value": 0
        },
        "data_sent": {
            "count": 25968698,
            "rate": 58999.53048093372
        },
        "http_req_duration": {
            "avg": 29.936252506599264,
            "min": 3.317373,
            "med": 7.898101,
            "max": 611.991237,
            "p(90)": 96.253767,
            "p(95)": 110.780849
        },
        "vus_max": {
            "value": 20,
            "min": 20,
            "max": 20
        }
    }
}