{
    "root_group": {
        "groups": {},
        "checks": {
                "status is 200": {
                    "name": "status is 200",
                    "path": "::status is 200",
                    "id": "6210a8cd14cd70477eba5c5e4cb3fb5f",
                    "passes": 83578,
                    "fails": 0
                },
                "response has features": {
                    "name": "response has features",
                    "path": "::response has features",
                    "id": "36257862cd6cd21d7296860af0c4c20a",
                    "passes": 83578,
                    "fails": 0
                }
            },
        "name": "",
        "path": "",
        "id": "d41d8cd98f00b204e9800998ecf8427e"
    },
    "metrics": {
        "errors": {
            "passes": 0,
            "fails": 83578,
            "thresholds": {
                "rate<0.05": false
            },
            "value": 0
        },
        "http_req_waiting": {
            "p(95)": 604.6947763,
            "avg": 221.156079750675,
            "min": 3.637718,
            "med": 119.15417049999999,
            "max": 1198.461915,
            "p(90)": 515.8371146
        },
        "http_req_failed": {
            "passes": 0,
            "fails": 83578,
            "value": 0
        },
        "http_req_duration{expected_response:true}": {
            "med": 188.655669,
            "max": 1201.451906,
            "p(90)": 590.1817879,
            "p(95)": 613.4401852499999,
            "avg": 234.79705985967848,
            "min": 4.487033
        },
        "iterations": {
            "count": 83578,
            "rate": 146.51603814945753
        },
        "http_reqs": {
            "count": 83578,
            "rate": 146.51603814945753
        },
        "checks": {
            "passes": 167156,
            "fails": 0,
            "value": 1
        },
        "http_req_tls_handshaking": {
            "avg": 0,
            "min": 0,
            "med": 0,
            "max": 0,
            "p(90)": 0,
            "p(95)": 0
        },
        "vus": {
            "max": 100,
            "value": 100,
            "min": 0
        },
        "data_sent": {
            "count": 16689313,
            "rate": 29257.125322408257
        },
        "http_req_sending": {
            "med": 0.0185125,
            "max": 12.690397,
            "p(90)": 0.0594793,
            "p(95)": 0.069312,
            "avg": 0.033819575941036926,
            "min": 0.00438
        },
        "http_req_receiving": {
            "p(90)": 78.6872007,
            "p(95)": 84.30027485,
            "avg": 13.607160533058828,
            "min": -0.291937,
            "med": 1.861275,
            "max": 191.398915
        },
        "iteration_duration": {
            "avg": 235.1433489744875,
            "min": 4.652818,
            "med": 189.0962355,
            "max": 1201.728952,
            "p(90)": 590.4920175,
            "p(95)": 614.0207776999999
        },
        "vus_max": {
            "min": 150,
            "max": 150,
            "value": 150
        },
        "http_req_blocked": {
            "p(95)": 0.008982,
            "avg": 0.03829773734714831,
            "min": 0.001241,
            "med": 0.005055,
            "max": 110.939816,
            "p(90)": 0.007754
        },
        "http_req_duration": {
            "min": 4.487033,
            "med": 188.655669,
            "max": 1201.451906,
            "p(90)": 590.1817879,
            "p(95)": 613.4401852499999,
            "avg": 234.79705985967848
        },
        "http_req_connecting": {
            "avg": 0.030405764399722455,
            "min": 0,
            "med": 0,
            "max": 101.652792,
            "p(90)": 0,
            "p(95)": 0
        },
        "ogc_response_time": {
            "max": 1201.451906,
            "p(90)": 590.1817879,
            "p(95)": 613.4401852499999,
            "avg": 234.79705985967848,
            "min": 4.487033,
            "med": 188.655669
        },
        "data_received": {
            "count": 4092852859,
            "rate": 7174957.3527646065
        }
    }
}