{
    "root_group": {
        "name": "",
        "path": "",
        "id": "d41d8cd98f00b204e9800998ecf8427e",
        "groups": {},
        "checks": {
                "status is 200": {
                    "name": "status is 200",
                    "path": "::status is 200",
                    "id": "6210a8cd14cd70477eba5c5e4cb3fb5f",
                    "passes": 92170,
                    "fails": 0
                },
                "response has features": {
                    "name": "response has features",
                    "path": "::response has features",
                    "id": "36257862cd6cd21d7296860af0c4c20a",
                    "passes": 92170,
                    "fails": 0
                }
            }
    },
    "metrics": {
        "http_req_tls_handshaking": {
            "max": 0,
            "p(90)": 0,
            "p(95)": 0,
            "avg": 0,
            "min": 0,
            "med": 0
        },
        "ogc_response_time": {
            "p(95)": 197.54879750000006,
            "avg": 41.89584181411534,
            "min": 5.016563,
            "med": 17.554560000000002,
            "max": 870.4462,
            "p(90)": 73.63695880000002
        },
        "http_req_blocked": {
            "med": 0.006537,
            "max": 22.450469,
            "p(90)": 0.009347,
            "p(95)": 0.010772,
            "avg": 0.014391898166431983,
            "min": 0.001783
        },
        "http_req_receiving": {
            "avg": 5.896980273961166,
            "min": -6.985056,
            "med": 2.1878114999999996,
            "max": 585.072113,
            "p(90)": 7.7144787000000035,
            "p(95)": 32.0209813
        },
        "vus": {
            "value": 10,
            "min": 0,
            "max": 10
        },
        "errors": {
            "passes": 0,
            "fails": 92170,
            "thresholds": {
                "rate<0.01": false
            },
            "value": 0
        },
        "http_reqs": {
            "count": 92170,
            "rate": 209.44372063340128
        },
        "data_sent": {
            "count": 21191892,
            "rate": 48155.67655138561
        },
        "iterations": {
            "count": 92170,
            "rate": 209.44372063340128
        },
        "vus_max": {
            "value": 20,
            "min": 20,
            "max": 20
        },
        "http_req_duration": {
            "avg": 41.89584181411534,
            "min": 5.016563,
            "med": 17.554560000000002,
            "max": 870.4462,
            "p(90)": 73.63695880000002,
            "p(95)": 197.54879750000006
        },
        "http_req_connecting": {
            "avg": 0.004767912639687536,
            "min": 0,
            "med": 0,
            "max": 18.641079,
            "p(90)": 0,
            "p(95)": 0
        },
        "checks": {
            "fails": 0,
            "passes": 184340,
            "value": 1
        },
        "http_req_duration{expected_response:true}": {
            "min": 5.016563,
            "med": 17.554560000000002,
            "max": 870.4462,
            "p(90)": 73.63695880000002,
            "p(95)": 197.54879750000006,
            "avg": 41.89584181411534
        },
        "http_req_waiting": {
            "min": 3.041456,
            "med": 14.052427999999999,
            "max": 864.885419,
            "p(90)": 66.47239460000003,
            "p(95)": 191.97148870000007,
            "avg": 35.94927408249963
        },
        "http_req_failed": {
            "fails": 92170,
            "passes": 0,
            "value": 0
        },
        "iteration_duration": {
            "avg": 42.30499029794971,
            "min": 8.370243,
            "med": 17.956036,
            "max": 871.099021,
            "p(90)": 74.21395650000007,
            "p(95)": 197.9267285
        },
        "http_req_sending": {
            "avg": 0.04958745765433421,
            "min": 0.005854,
            "med": 0.022866,
            "max": 129.255594,
            "p(90)": 0.0747252,
            "p(95)": 0.08613055
        },
        "data_received": {
            "count": 4521476449,
            "rate": 10274436.912605612
        }
    }
}