{
    "root_group": {
        "groups": {},
        "checks": {
                "status is 200": {
                    "name": "status is 200",
                    "path": "::status is 200",
                    "id": "6210a8cd14cd70477eba5c5e4cb3fb5f",
                    "passes": 34077,
                    "fails": 0
                },
                "response has features": {
                    "name": "response has features",
                    "path": "::response has features",
                    "id": "36257862cd6cd21d7296860af0c4c20a",
                    "passes": 34077,
                    "fails": 0
                }
            },
        "name": "",
        "path": "",
        "id": "d41d8cd98f00b204e9800998ecf8427e"
    },
    "metrics": {
        "iterations": {
            "count": 34077,
            "rate": 77.42647124755145
        },
        "http_req_duration{expected_response:true}": {
            "med": 92.73267,
            "max": 1947.624765,
            "p(90)": 280.5778614000001,
            "p(95)": 381.16773439999855,
            "avg": 114.18461677316041,
            "min": 5.202712
        },
        "http_req_blocked": {
            "max": 35.312626,
            "p(90)": 0.009034400000000001,
            "p(95)": 0.010547199999999998,
            "avg": 0.01575147988379252,
            "min": 0.001301,
            "med": 0.005701
        },
        "http_req_tls_handshaking": {
            "avg": 0,
            "min": 0,
            "med": 0,
            "max": 0,
            "p(90)": 0,
            "p(95)": 0
        },
        "http_req_waiting": {
            "med": 85.404145,
            "max": 1591.556453,
            "p(90)": 208.3720348,
            "p(95)": 306.59544479999994,
            "avg": 96.94922813049851,
            "min": 3.569377
        },
        "vus_max": {
            "max": 20,
            "value": 20,
            "min": 20
        },
        "checks": {
            "passes": 68154,
            "fails": 0,
            "value": 1
        },
        "iteration_duration": {
            "avg": 114.58031043184573,
            "min": 5.338283,
            "med": 93.071704,
            "max": 1948.076771,
            "p(90)": 280.937426,
            "p(95)": 381.91362739999994
        },
        "vus": {
            "min": 0,
            "max": 10,
            "value": 10
        },
        "http_req_failed": {
            "passes": 0,
            "fails": 34077,
            "value": 0
        },
        "http_req_receiving": {
            "avg": 17.17868678240458,
            "min": 0.037495,
            "med": 1.925998,
            "max": 1127.332091,
            "p(90)": 81.28087140000001,
            "p(95)": 86.9036248
        },
        "errors": {
            "passes": 0,
            "fails": 34077,
            "thresholds": {
                "rate<0.01": false
            },
            "value": 0
        },
        "data_sent": {
            "count": 7951162,
            "rate": 18065.863074144545
        },
        "data_received": {
            "count": 1672629505,
            "rate": 3800387.3661615965
        },
        "http_req_connecting": {
            "avg": 0.007100381929160425,
            "min": 0,
            "med": 0,
            "max": 35.231901,
            "p(90)": 0,
            "p(95)": 0
        },
        "http_req_sending": {
            "p(95)": 0.0713862,
            "avg": 0.05670186025765132,
            "min": 0.004831,
            "med": 0.020318,
            "max": 86.604726,
            "p(90)": 0.05621500000000001
        },
        "http_req_duration": {
            "avg": 114.18461677316041,
            "min": 5.202712,
            "med": 92.73267,
            "max": 1947.624765,
            "p(90)": 280.5778614000001,
            "p(95)": 381.16773439999855
        },
        "http_reqs": {
            "count": 34077,
            "rate": 77.42647124755145
        },
        "ogc_response_time": {
            "avg": 114.18461677316041,
            "min": 5.202712,
            "med": 92.73267,
            "max": 1947.624765,
            "p(90)": 280.5778614000001,
            "p(95)": 381.16773439999855
        }
    }
}