{
    "root_group": {
        "name": "",
        "path": "",
        "id": "d41d8cd98f00b204e9800998ecf8427e",
        "groups": {},
        "checks": {
                "status is 200": {
                    "passes": 102709,
                    "fails": 4,
                    "name": "status is 200",
                    "path": "::status is 200",
                    "id": "6210a8cd14cd70477eba5c5e4cb3fb5f"
                },
                "response has features": {
                    "passes": 102713,
                    "fails": 0,
                    "name": "response has features",
                    "path": "::response has features",
                    "id": "36257862cd6cd21d7296860af0c4c20a"
                }
            }
    },
    "metrics": {
        "vus_max": {
            "min": 20,
            "max": 20,
            "value": 20
        },
        "http_req_duration{expected_response:true}": {
            "min": 0.064283,
            "med": 2.641701,
            "max": 21988.419123,
            "p(90)": 60.72921999999998,
            "p(95)": 103.14031379999999,
            "avg": 37.5326562102349
        },
        "checks": {
            "passes": 205422,
            "fails": 4,
            "value": 0.9999805282680868
        },
        "http_req_connecting": {
            "p(95)": 0,
            "avg": 0.00023110800969692254,
            "min": 0,
            "med": 0,
            "max": 2.699477,
            "p(90)": 0
        },
        "iteration_duration": {
            "max": 21992.242643,
            "p(90)": 61.30937420000001,
            "p(95)": 103.7477474,
            "avg": 38.61574797666304,
            "min": 0.572634,
            "med": 2.943221
        },
        "ogc_response_time": {
            "avg": 38.22414125439833,
            "min": 0.064283,
            "med": 2.641837,
            "max": 21988.419123,
            "p(90)": 60.754691600000015,
            "p(95)": 103.16074179999994
        },
        "data_received": {
            "count": 2293332649,
            "rate": 5091427.2582028
        },
        "errors": {
            "passes": 4,
            "fails": 102709,
            "thresholds": {
                "rate<0.01": false
            },
            "value": 0.00003894346382639004
        },
        "http_req_duration": {
            "avg": 38.22414125439833,
            "min": 0.064283,
            "med": 2.641837,
            "max": 21988.419123,
            "p(90)": 60.754691600000015,
            "p(95)": 103.16074179999994
        },
        "data_sent": {
            "count": 16845964,
            "rate": 37399.7205933918
        },
        "vus": {
            "min": 0,
            "max": 10,
            "value": 1
        },
        "http_req_waiting": {
            "med": 2.475853,
            "max": 21988.056914,
            "p(90)": 60.330968,
            "p(95)": 102.76931899999995,
            "avg": 37.99050496283818,
            "min": 0
        },
        "iterations": {
            "count": 102713,
            "rate": 228.03310640513374
        },
        "http_req_tls_handshaking": {
            "avg": 0,
            "min": 0,
            "med": 0,
            "max": 0,
            "p(90)": 0,
            "p(95)": 0
        },
        "http_req_sending": {
            "p(95)": 0.06790059999999995,
            "avg": 0.03379654632811833,
            "min": 0.004614,
            "med": 0.015881,
            "max": 41.024768,
            "p(90)": 0.041432
        },
        "http_req_failed": {
            "fails": 102709,
            "passes": 4,
            "value": 0.00003894346382639004
        },
        "http_req_blocked": {
            "min": 0.001377,
            "med": 0.005174,
            "max": 116.417677,
            "p(90)": 0.008121,
            "p(95)": 0.009622,
            "avg": 0.010819577190813114
        },
        "http_reqs": {
            "count": 102713,
            "rate": 228.03310640513374
        },
        "http_req_receiving": {
            "avg": 0.19983974523186201,
            "min": 0.023554,
            "med": 0.090501,
            "max": 405.060041,
            "p(90)": 0.24400760000000002,
            "p(95)": 0.36791999999999986
        }
    }
}