{
    "root_group": {
        "name": "",
        "path": "",
        "id": "d41d8cd98f00b204e9800998ecf8427e",
        "groups": {},
        "checks": {
                "status is 200": {
                    "id": "6210a8cd14cd70477eba5c5e4cb3fb5f",
                    "passes": 21652,
                    "fails": 32,
                    "name": "status is 200",
                    "path": "::status is 200"
                },
                "response has features": {
                    "name": "response has features",
                    "path": "::response has features",
                    "id": "36257862cd6cd21d7296860af0c4c20a",
                    "passes": 21684,
                    "fails": 0
                }
            }
    },
    "metrics": {
        "http_req_tls_handshaking": {
            "p(95)": 0,
            "avg": 0,
            "min": 0,
            "med": 0,
            "max": 0,
            "p(90)": 0
        },
        "errors": {
            "passes": 32,
            "fails": 21652,
            "thresholds": {
                "rate<0.05": false
            },
            "value": 0.0014757424829367274
        },
        "http_req_waiting": {
            "min": 0,
            "med": 16.2718225,
            "max": 26188.052296,
            "p(90)": 3312.892786200001,
            "p(95)": 5901.267326499999,
            "avg": 928.5314082093698
        },
        "http_req_receiving": {
            "avg": 0.3530118419572046,
            "min": -2.494033,
            "med": 0.191935,
            "max": 176.59768,
            "p(90)": 0.3703329000000001,
            "p(95)": 0.4966106499999996
        },
        "ogc_response_time": {
            "avg": 928.9525418628033,
            "min": -3.472301,
            "med": 16.5878805,
            "max": 26188.594744,
            "p(90)": 3314.2518756,
            "p(95)": 5901.557042349999
        },
        "vus": {
            "value": 1,
            "min": 0,
            "max": 100
        },
        "data_received": {
            "count": 3062675342,
            "rate": 5197994.61892742
        },
        "data_sent": {
            "count": 3530205,
            "rate": 5991.48931722149
        },
        "http_req_duration{expected_response:true}": {
            "med": 16.4380415,
            "max": 25707.608858,
            "p(90)": 3290.5329477000005,
            "p(95)": 5798.563136000001,
            "avg": 905.4242902312504,
            "min": -3.472301
        },
        "http_req_blocked": {
            "min": 0.00165,
            "med": 0.004782,
            "max": 73.485232,
            "p(90)": 0.007812,
            "p(95)": 0.008928,
            "avg": 0.1257140801051467
        },
        "iteration_duration": {
            "p(90)": 3314.116114900001,
            "p(95)": 5903.7947830999965,
            "avg": 929.5620777646197,
            "min": 0.609305,
            "med": 17.071785,
            "max": 26191.941858
        },
        "iterations": {
            "count": 21684,
            "rate": 36.80224076353379
        },
        "http_req_sending": {
            "max": 418.852948,
            "p(90)": 0.0568924,
            "p(95)": 0.06578839999999994,
            "avg": 0.06812181147389788,
            "min": -4.667565,
            "med": 0.018719
        },
        "checks": {
            "passes": 43336,
            "fails": 32,
            "value": 0.9992621287585316
        },
        "http_req_duration": {
            "p(95)": 5901.557042349999,
            "avg": 928.9525418628033,
            "min": -3.472301,
            "med": 16.5878805,
            "max": 26188.594744,
            "p(90)": 3314.2518756
        },
        "http_req_failed": {
            "passes": 32,
            "fails": 21652,
            "value": 0.0014757424829367274
        },
        "http_reqs": {
            "count": 21684,
            "rate": 36.80224076353379
        },
        "http_req_connecting": {
            "avg": 0.11744478800036895,
            "min": 0,
            "med": 0,
            "max": 73.072304,
            "p(90)": 0,
            "p(95)": 0
        },
        "vus_max": {
            "value": 150,
            "min": 150,
            "max": 150
        }
    }
}