{
    "root_group": {
        "checks": {
            "status is 200": {
                "name": "status is 200",
                "path": "::status is 200",
                "id": "6210a8cd14cd70477eba5c5e4cb3fb5f",
                "passes": 121390,
                "fails": 0
            },
            "response has features": {
                "name": "response has features",
                "path": "::response has features",
                "id": "36257862cd6cd21d7296860af0c4c20a",
                "passes": 121390,
                "fails": 0
            }
        },
        "name": "",
        "path": "",
        "id": "d41d8cd98f00b204e9800998ecf8427e",
        "groups": {}
    },
    "metrics": {
        "http_req_receiving": {
            "med": 0.081713,
            "max": 109.642024,
            "p(90)": 0.20580170000000006,
            "p(95)": 0.3076549999999993,
            "avg": 0.16276208311228513,
            "min": 0.019551
        },
        "data_received": {
            "count": 2750233784,
            "rate": 6243890.732928774
        },
        "http_req_connecting": {
            "avg": 0.00011641274404810938,
            "min": 0,
            "med": 0,
            "max": 2.335961,
            "p(90)": 0,
            "p(95)": 0
        },
        "data_sent": {
            "count": 19908799,
            "rate": 45199.19953824611
        },
        "vus_max": {
            "value": 20,
            "min": 20,
            "max": 20
        },
        "http_req_blocked": {
            "med": 0.004646,
            "max": 68.239907,
            "p(90)": 0.006958,
            "p(95)": 0.00817,
            "avg": 0.008451249888788237,
            "min": 0.001151
        },
        "http_req_waiting": {
            "avg": 31.644263957302922,
            "min": 0.312895,
            "med": 3.2779705000000003,
            "max": 4173.754173,
            "p(90)": 73.44280510000004,
            "p(95)": 181.48592524999992
        },
        "http_req_duration": {
            "avg": 31.842273239789115,
            "min": 0.374831,
            "med": 3.415541,
            "max": 4174.246318,
            "p(90)": 73.86016620000008,
            "p(95)": 181.84307634999942
        },
        "errors": {
            "passes": 0,
            "fails": 121390,
            "thresholds": {
                "rate<0.01": false
            },
            "value": 0
        },
        "http_reqs": {
            "count": 121390,
            "rate": 275.59326064559167
        },
        "http_req_duration{expected_response:true}": {
            "avg": 31.842273239789115,
            "min": 0.374831,
            "med": 3.415541,
            "max": 4174.246318,
            "p(90)": 73.86016620000008,
            "p(95)": 181.84307634999942
        },
        "http_req_tls_handshaking": {
            "med": 0,
            "max": 0,
            "p(90)": 0,
            "p(95)": 0,
            "avg": 0,
            "min": 0
        },
        "http_req_sending": {
            "med": 0.014289,
            "max": 89.436479,
            "p(90)": 0.02937830000000002,
            "p(95)": 0.05880254999999999,
            "avg": 0.03524719937391891,
            "min": 0.003998
        },
        "iterations": {
            "rate": 275.59326064559167,
            "count": 121390
        },
        "iteration_duration": {
            "avg": 32.162389951313784,
            "min": 0.542859,
            "med": 3.664699,
            "max": 4174.61344,
            "p(90)": 74.31856130000006,
            "p(95)": 182.52874094999964
        },
        "http_req_failed": {
            "passes": 0,
            "fails": 121390,
            "value": 0
        },
        "checks": {
            "passes": 242780,
            "fails": 0,
            "value": 1
        },
        "vus": {
            "max": 10,
            "value": 10,
            "min": 0
        },
        "ogc_response_time": {
            "med": 3.415541,
            "max": 4174.246318,
            "p(90)": 73.86016620000008,
            "p(95)": 181.84307634999942,
            "avg": 31.842273239789115,
            "min": 0.374831
        }
    }
}