{
    "root_group": {
        "groups": {},
        "checks": {
                "status is 200": {
                    "fails": 12,
                    "name": "status is 200",
                    "path": "::status is 200",
                    "id": "6210a8cd14cd70477eba5c5e4cb3fb5f",
                    "passes": 27162
                },
                "response has features": {
                    "name": "response has features",
                    "path": "::response has features",
                    "id": "36257862cd6cd21d7296860af0c4c20a",
                    "passes": 27174,
                    "fails": 0
                }
            },
        "name": "",
        "path": "",
        "id": "d41d8cd98f00b204e9800998ecf8427e"
    },
    "metrics": {
        "iterations": {
            "count": 27174,
            "rate": 47.42651850746273
        },
        "http_req_duration{expected_response:true}": {
            "p(90)": 2491.444352600001,
            "p(95)": 4094.1851399999996,
            "avg": 721.1814311336418,
            "min": -2.803616,
            "med": 63.7511365,
            "max": 27662.299374
        },
        "http_req_waiting": {
            "max": 28602.901697,
            "p(90)": 2494.2045315,
            "p(95)": 4099.156038749999,
            "avg": 728.044056446385,
            "min": 0,
            "med": 63.7345775
        },
        "http_req_blocked": {
            "avg": 0.06212877570471764,
            "min": 0.001162,
            "med": 0.004488,
            "max": 62.57371,
            "p(90)": 0.007675,
            "p(95)": 0.008958349999999999
        },
        "http_req_sending": {
            "avg": 0.03358462651799511,
            "min": 0.003976,
            "med": 0.016302,
            "max": 63.863246,
            "p(90)": 0.0499792,
            "p(95)": 0.060985099999999993
        },
        "data_received": {
            "count": 3841230237,
            "rate": 6704061.8578974735
        },
        "errors": {
            "passes": 12,
            "fails": 27162,
            "thresholds": {
                "rate<0.05": false
            },
            "value": 0.00044159858688452196
        },
        "http_req_tls_handshaking": {
            "min": 0,
            "med": 0,
            "max": 0,
            "p(90)": 0,
            "p(95)": 0,
            "avg": 0
        },
        "http_req_receiving": {
            "min": -3.553764,
            "med": 0.1775285,
            "max": 279.038068,
            "p(90)": 0.3445437,
            "p(95)": 0.4495844499999996,
            "avg": 0.2675972045705443
        },
        "data_sent": {
            "count": 4421084,
            "rate": 7716.075003644931
        },
        "iteration_duration": {
            "min": 0.519853,
            "med": 65.9723415,
            "max": 28608.150397,
            "p(90)": 2494.7576355,
            "p(95)": 4100.26800605,
            "avg": 728.8182947235252
        },
        "checks": {
            "passes": 54336,
            "fails": 12,
            "value": 0.9997792007065578
        },
        "http_req_connecting": {
            "p(95)": 0,
            "avg": 0.05389734499889602,
            "min": 0,
            "med": 0,
            "max": 60.647531,
            "p(90)": 0
        },
        "http_req_duration": {
            "min": -2.803616,
            "med": 64.1640875,
            "max": 28603.04558,
            "p(90)": 2494.5443302000003,
            "p(95)": 4099.5571694499995,
            "avg": 728.3452382774702
        },
        "ogc_response_time": {
            "avg": 728.3452382774702,
            "min": -2.803616,
            "med": 64.1640875,
            "max": 28603.04558,
            "p(90)": 2494.5443302000003,
            "p(95)": 4099.5571694499995
        },
        "vus": {
            "value": 1,
            "min": 0,
            "max": 100
        },
        "vus_max": {
            "value": 150,
            "min": 150,
            "max": 150
        },
        "http_req_failed": {
            "passes": 12,
            "fails": 27162,
            "value": 0.00044159858688452196
        },
        "http_reqs": {
            "count": 27174,
            "rate": 47.42651850746273
        }
    }
}