{
    "root_group": {
        "name": "",
        "path": "",
        "id": "d41d8cd98f00b204e9800998ecf8427e",
        "groups": {},
        "checks": {
                "status is 200": {
                    "id": "6210a8cd14cd70477eba5c5e4cb3fb5f",
                    "passes": 782939,
                    "fails": 0,
                    "name": "status is 200",
                    "path": "::status is 200"
                },
                "response has features": {
                    "id": "36257862cd6cd21d7296860af0c4c20a",
                    "passes": 782939,
                    "fails": 0,
                    "name": "response has features",
                    "path": "::response has features"
                }
            }
    },
    "metrics": {
        "http_req_duration{expected_response:true}": {
            "med": 1.749395,
            "max": 1806.104034,
            "p(90)": 3.4410958000000003,
            "p(95)": 4.6921301,
            "avg": 4.687652730334033,
            "min": -1.792134
        },
        "vus": {
            "value": 10,
            "min": 0,
            "max": 10
        },
        "ogc_response_time": {
            "med": 1.749395,
            "max": 1806.104034,
            "p(90)": 3.4410958000000003,
            "p(95)": 4.6921301,
            "avg": 4.687652730334032,
            "min": -1.792134
        },
        "iterations": {
            "count": 782939,
            "rate": 1778.8118324475383
        },
        "data_received": {
            "count": 111230900921,
            "rate": 252712973.41437146
        },
        "iteration_duration": {
            "p(90)": 3.7654518000000015,
            "p(95)": 5.057760699999997,
            "avg": 4.9723431720057585,
            "min": 0.385067,
            "med": 2.024462,
            "max": 1806.295971
        },
        "vus_max": {
            "max": 20,
            "value": 20,
            "min": 20
        },
        "http_req_duration": {
            "avg": 4.687652730334033,
            "min": -1.792134,
            "med": 1.749395,
            "max": 1806.104034,
            "p(90)": 3.4410958000000003,
            "p(95)": 4.6921301
        },
        "http_req_sending": {
            "p(95)": 0.042765,
            "avg": 0.01855612893852496,
            "min": -1.17177,
            "med": 0.011765,
            "max": 30.216166,
            "p(90)": 0.020784
        },
        "http_req_waiting": {
            "avg": 4.4947220969654,
            "min": 0,
            "med": 1.577813,
            "max": 1805.940562,
            "p(90)": 3.2120400000000005,
            "p(95)": 4.407664
        },
        "checks": {
            "passes": 1565878,
            "fails": 0,
            "value": 1
        },
        "http_req_blocked": {
            "avg": 0.004770017002601905,
            "min": 0.001129,
            "med": 0.003857,
            "max": 34.502072,
            "p(90)": 0.005531,
            "p(95)": 0.006345
        },
        "data_sent": {
            "count": 145865976,
            "rate": 331402.73260152916
        },
        "http_req_connecting": {
            "avg": 0.000009966444384556142,
            "min": 0,
            "med": 0,
            "max": 1.279024,
            "p(90)": 0,
            "p(95)": 0
        },
        "http_req_tls_handshaking": {
            "avg": 0,
            "min": 0,
            "med": 0,
            "max": 0,
            "p(90)": 0,
            "p(95)": 0
        },
        "errors": {
            "passes": 0,
            "fails": 782939,
            "thresholds": {
                "rate<0.01": false
            },
            "value": 0
        },
        "http_reqs": {
            "count": 782939,
            "rate": 1778.8118324475383
        },
        "http_req_receiving": {
            "p(95)": 0.31720619999999994,
            "avg": 0.17437450443010696,
            "min": -2.734172,
            "med": 0.120049,
            "max": 39.183756,
            "p(90)": 0.22524720000000006
        },
        "http_req_failed": {
            "passes": 0,
            "fails": 782939,
            "value": 0
        }
    }
}