{
    "root_group": {
        "name": "",
        "path": "",
        "id": "d41d8cd98f00b204e9800998ecf8427e",
        "groups": {},
        "checks": {
                "status is 200": {
                    "path": "::status is 200",
                    "id": "6210a8cd14cd70477eba5c5e4cb3fb5f",
                    "passes": 379990,
                    "fails": 0,
                    "name": "status is 200"
                },
                "response has features": {
                    "passes": 379990,
                    "fails": 0,
                    "name": "response has features",
                    "path": "::response has features",
                    "id": "36257862cd6cd21d7296860af0c4c20a"
                }
            }
    },
    "metrics": {
        "data_received": {
            "count": 53958686243,
            "rate": 122610634.73712085
        },
        "http_req_duration": {
            "avg": 9.868563053617196,
            "min": 0.11143,
            "med": 2.1933615,
            "max": 4527.390733,
            "p(90)": 6.213615400000002,
            "p(95)": 10.3877535
        },
        "data_sent": {
            "count": 66775657,
            "rate": 151734.71149550847
        },
        "vus": {
            "value": 10,
            "min": 0,
            "max": 10
        },
        "iterations": {
            "rate": 863.4534740882934,
            "count": 379990
        },
        "errors": {
            "passes": 0,
            "fails": 379990,
            "thresholds": {
                "rate<0.01": false
            },
            "value": 0
        },
        "http_req_duration{expected_response:true}": {
            "p(95)": 10.3877535,
            "avg": 9.868563053617196,
            "min": 0.11143,
            "med": 2.1933615,
            "max": 4527.390733,
            "p(90)": 6.213615400000002
        },
        "iteration_duration": {
            "avg": 10.272816944451199,
            "min": 0.666948,
            "med": 2.567745,
            "max": 4528.077423,
            "p(90)": 6.757381100000006,
            "p(95)": 10.996459899999996
        },
        "ogc_response_time": {
            "med": 2.1933615,
            "max": 4527.390733,
            "p(90)": 6.213615400000002,
            "p(95)": 10.3877535,
            "avg": 9.868563053617196,
            "min": 0.11143
        },
        "vus_max": {
            "value": 20,
            "min": 20,
            "max": 20
        },
        "checks": {
            "fails": 0,
            "passes": 759980,
            "value": 1
        },
        "http_req_failed": {
            "passes": 0,
            "fails": 379990,
            "value": 0
        },
        "http_reqs": {
            "count": 379990,
            "rate": 863.4534740882934
        },
        "http_req_connecting": {
            "avg": 0.00004375885944366958,
            "min": 0,
            "med": 0,
            "max": 1.802685,
            "p(90)": 0,
            "p(95)": 0
        },
        "http_req_tls_handshaking": {
            "max": 0,
            "p(90)": 0,
            "p(95)": 0,
            "avg": 0,
            "min": 0,
            "med": 0
        },
        "http_req_waiting": {
            "min": 0,
            "med": 1.9413960000000001,
            "max": 4526.840917,
            "p(90)": 5.712111600000001,
            "p(95)": 9.760986949999998,
            "avg": 9.566534427992938
        },
        "http_req_blocked": {
            "med": 0.00518,
            "max": 17.627862,
            "p(90)": 0.007436,
            "p(95)": 0.008950549999999988,
            "avg": 0.007175150467117611,
            "min": 0.001514
        },
        "http_req_sending": {
            "med": 0.01563,
            "max": 90.645655,
            "p(90)": 0.030062100000000033,
            "p(95)": 0.05907554999999999,
            "avg": 0.031131015118817735,
            "min": 0.004032
        },
        "http_req_receiving": {
            "min": -3.233319,
            "med": 0.156016,
            "max": 237.441114,
            "p(90)": 0.3564392000000004,
            "p(95)": 0.6189041,
            "avg": 0.2708976105055447
        }
    }
}