{
    "root_group": {
        "groups": {},
        "checks": {
                "status is 200": {
                    "name": "status is 200",
                    "path": "::status is 200",
                    "id": "6210a8cd14cd70477eba5c5e4cb3fb5f",
                    "passes": 1186,
                    "fails": 0
                },
                "response has features": {
                    "fails": 0,
                    "name": "response has features",
                    "path": "::response has features",
                    "id": "36257862cd6cd21d7296860af0c4c20a",
                    "passes": 1186
                }
            },
        "name": "",
        "path": "",
        "id": "d41d8cd98f00b204e9800998ecf8427e"
    },
    "metrics": {
        "http_req_tls_handshaking": {
            "avg": 0,
            "min": 0,
            "med": 0,
            "max": 0,
            "p(90)": 0,
            "p(95)": 0
        },
        "http_req_sending": {
            "p(90)": 0.06820000000000001,
            "p(95)": 0.08608825,
            "avg": 0.0450686332209106,
            "min": 0.011589,
            "med": 0.026522,
            "max": 7.061361
        },
        "http_req_connecting": {
            "avg": 0.050609369308600334,
            "min": 0,
            "med": 0,
            "max": 23.683305,
            "p(90)": 0,
            "p(95)": 0
        },
        "errors": {
            "fails": 1186,
            "passes": 0,
            "thresholds": {
                "rate<0.01": false
            },
            "value": 0
        },
        "checks": {
            "passes": 2372,
            "fails": 0,
            "value": 1
        },
        "data_received": {
            "count": 55460393,
            "rate": 135107.14963304292
        },
        "vus": {
            "value": 10,
            "min": 0,
            "max": 12
        },
        "ogc_response_time": {
            "med": 3341.213926,
            "max": 4785.51332,
            "p(90)": 3345.282876,
            "p(95)": 3351.80767975,
            "avg": 3055.7252109839746,
            "min": 334.897884
        },
        "iterations": {
            "count": 1186,
            "rate": 2.8892164443333264
        },
        "http_reqs": {
            "count": 1186,
            "rate": 2.8892164443333264
        },
        "http_req_blocked": {
            "avg": 0.07294275042158489,
            "min": 0.002613,
            "med": 0.0046575,
            "max": 23.765145,
            "p(90)": 0.0093765,
            "p(95)": 0.01164275
        },
        "http_req_duration{expected_response:true}": {
            "min": 334.897884,
            "med": 3341.213926,
            "max": 4785.51332,
            "p(90)": 3345.282876,
            "p(95)": 3351.80767975,
            "avg": 3055.7252109839746
        },
        "http_req_receiving": {
            "min": 1.497469,
            "med": 328.62508549999995,
            "max": 348.377731,
            "p(90)": 329.767153,
            "p(95)": 329.98794224999995,
            "avg": 325.7736077655988
        },
        "http_req_failed": {
            "passes": 0,
            "fails": 1186,
            "value": 0
        },
        "vus_max": {
            "value": 20,
            "min": 20,
            "max": 20
        },
        "http_req_duration": {
            "min": 334.897884,
            "med": 3341.213926,
            "max": 4785.51332,
            "p(90)": 3345.282876,
            "p(95)": 3351.80767975,
            "avg": 3055.7252109839746
        },
        "http_req_waiting": {
            "min": 4.342053,
            "med": 3012.1660444999998,
            "max": 4456.039571,
            "p(90)": 3018.5682465,
            "p(95)": 3025.11523175,
            "avg": 2729.9065345851604
        },
        "data_sent": {
            "count": 157872,
            "rate": 384.5922247047141
        },
        "iteration_duration": {
            "min": 336.655796,
            "med": 3341.69087,
            "max": 4809.788875,
            "p(90)": 3346.0189995,
            "p(95)": 3352.2989225,
            "avg": 3056.492984459526
        }
    }
}