{
    "root_group": {
        "name": "",
        "path": "",
        "id": "d41d8cd98f00b204e9800998ecf8427e",
        "groups": {},
        "checks": {
                "status is 200": {
                    "name": "status is 200",
                    "path": "::status is 200",
                    "id": "6210a8cd14cd70477eba5c5e4cb3fb5f",
                    "passes": 595,
                    "fails": 0
                },
                "response has features": {
                    "name": "response has features",
                    "path": "::response has features",
                    "id": "36257862cd6cd21d7296860af0c4c20a",
                    "passes": 595,
                    "fails": 0
                }
            }
    },
    "metrics": {
        "http_req_duration{expected_response:true}": {
            "med": 3676.519768,
            "max": 40503.876559,
            "p(90)": 20060.0966672,
            "p(95)": 21438.75969349999,
            "avg": 7133.918402152942,
            "min": 539.657911
        },
        "vus": {
            "value": 2,
            "min": 0,
            "max": 16
        },
        "http_req_sending": {
            "avg": 0.030196078991596664,
            "min": 0.010346,
            "med": 0.024014,
            "max": 0.257543,
            "p(90)": 0.0558938,
            "p(95)": 0.06895929999999999
        },
        "http_req_receiving": {
            "avg": 154.71756812268913,
            "min": 0.077513,
            "med": 246.37333,
            "max": 312.380356,
            "p(90)": 294.8714174,
            "p(95)": 308.4093687
        },
        "checks": {
            "passes": 1190,
            "fails": 0,
            "value": 1
        },
        "iterations": {
            "count": 595,
            "rate": 1.2951640226007537
        },
        "ogc_response_time": {
            "avg": 7133.918402152942,
            "min": 539.657911,
            "med": 3676.519768,
            "max": 40503.876559,
            "p(90)": 20060.0966672,
            "p(95)": 21438.75969349999
        },
        "http_req_connecting": {
            "avg": 0.01430768235294118,
            "min": 0,
            "med": 0,
            "max": 0.647226,
            "p(90)": 0,
            "p(95)": 0.10948129999999974
        },
        "http_req_blocked": {
            "p(90)": 0.009354000000000005,
            "p(95)": 0.19692659999999892,
            "avg": 0.039775247058823536,
            "min": 0.002835,
            "med": 0.00444,
            "max": 1.261458
        },
        "data_received": {
            "count": 16767691,
            "rate": 36499.00861392681
        },
        "data_sent": {
            "rate": 221.77779234063493,
            "count": 101885
        },
        "http_req_duration": {
            "p(90)": 20060.0966672,
            "p(95)": 21438.75969349999,
            "avg": 7133.918402152942,
            "min": 539.657911,
            "med": 3676.519768,
            "max": 40503.876559
        },
        "errors": {
            "passes": 0,
            "fails": 595,
            "thresholds": {
                "rate<0.01": false
            },
            "value": 0
        },
        "vus_max": {
            "min": 20,
            "max": 20,
            "value": 20
        },
        "http_reqs": {
            "count": 595,
            "rate": 1.2951640226007537
        },
        "http_req_tls_handshaking": {
            "avg": 0,
            "min": 0,
            "med": 0,
            "max": 0,
            "p(90)": 0,
            "p(95)": 0
        },
        "http_req_waiting": {
            "p(90)": 19817.3139824,
            "p(95)": 21218.785481099996,
            "avg": 6979.170637951262,
            "min": 262.926036,
            "med": 3676.312069,
            "max": 40252.281413
        },
        "http_req_failed": {
            "passes": 0,
            "fails": 595,
            "value": 0
        },
        "iteration_duration": {
            "p(95)": 21443.536114699993,
            "avg": 7134.951764072268,
            "min": 540.733335,
            "med": 3676.875144,
            "max": 40507.764943,
            "p(90)": 20061.206977
        }
    }
}