{
    "root_group": {
        "id": "d41d8cd98f00b204e9800998ecf8427e",
        "groups": {},
        "checks": {
                "status is 200": {
                    "passes": 1491,
                    "fails": 71,
                    "name": "status is 200",
                    "path": "::status is 200",
                    "id": "6210a8cd14cd70477eba5c5e4cb3fb5f"
                },
                "response has features": {
                    "id": "36257862cd6cd21d7296860af0c4c20a",
                    "passes": 1492,
                    "fails": 70,
                    "name": "response has features",
                    "path": "::response has features"
                }
            },
        "name": "",
        "path": ""
    },
    "metrics": {
        "http_req_tls_handshaking": {
            "max": 0,
            "p(90)": 0,
            "p(95)": 0,
            "avg": 0,
            "min": 0,
            "med": 0
        },
        "data_sent": {
            "rate": 422.60386607599446,
            "count": 244858
        },
        "http_req_duration{expected_response:true}": {
            "max": 40056.131338,
            "p(90)": 33413.968357,
            "p(95)": 33416.171767499996,
            "avg": 12995.061167735752,
            "min": 330.961489,
            "med": 10358.322785
        },
        "vus": {
            "value": 73,
            "min": 0,
            "max": 118
        },
        "http_req_duration": {
            "p(90)": 33413.8404202,
            "p(95)": 33416.1005937,
            "avg": 13381.059206134445,
            "min": 330.961489,
            "med": 14046.555721,
            "max": 40056.131338
        },
        "http_req_blocked": {
            "min": 0.002619,
            "med": 0.004939000000000001,
            "max": 67.431773,
            "p(90)": 0.1746113000000001,
            "p(95)": 1.012218549999971,
            "avg": 1.11669862227913
        },
        "errors": {
            "passes": 71,
            "fails": 1491,
            "thresholds": {
                "rate<0.05": false
            },
            "value": 0.045454545454545456
        },
        "http_req_receiving": {
            "avg": 301.7711889679897,
            "min": 0,
            "med": 327.1829355,
            "max": 365.12528,
            "p(90)": 330.33540869999996,
            "p(95)": 330.5509532
        },
        "checks": {
            "passes": 2983,
            "fails": 141,
            "value": 0.954865556978233
        },
        "data_received": {
            "count": 70180256,
            "rate": 121125.09090086095
        },
        "http_req_waiting": {
            "p(90)": 33086.9653218,
            "p(95)": 33106.89026525,
            "avg": 12123.885667094759,
            "min": 1.408996,
            "med": 3074.0070795,
            "max": 39725.162555
        },
        "http_req_connecting": {
            "med": 0,
            "max": 67.397714,
            "p(90)": 0.05095240000000023,
            "p(95)": 0.2190757499999996,
            "avg": 0.993136660691421,
            "min": 0
        },
        "vus_max": {
            "value": 150,
            "min": 150,
            "max": 150
        },
        "ogc_response_time": {
            "p(95)": 33416.1005937,
            "avg": 13381.059206134445,
            "min": 330.961489,
            "med": 14046.555721,
            "max": 40056.131338,
            "p(90)": 33413.8404202
        },
        "http_reqs": {
            "rate": 2.695877769199713,
            "count": 1562
        },
        "http_req_sending": {
            "max": 32847.643252,
            "p(90)": 0.06704770000000006,
            "p(95)": 0.22263119999999645,
            "avg": 955.402350071703,
            "min": 0.007443,
            "med": 0.0275325
        },
        "iteration_duration": {
            "avg": 13384.047200992954,
            "min": 334.152638,
            "med": 14051.746005500001,
            "max": 40130.31325,
            "p(90)": 33417.3799995,
            "p(95)": 33420.15185425
        },
        "iterations": {
            "count": 1562,
            "rate": 2.695877769199713
        },
        "http_req_failed": {
            "passes": 71,
            "fails": 1491,
            "value": 0.045454545454545456
        }
    }
}